-5.4970870e+00,1.5514427e+00,7.2508397e+00,-5.7589530e+00,2.1938370e+00,7.6282260e+00,2.3435818e-02,1.0013486e-01,-1.9174760e-02,2.6186582e-01,-6.4239424e-01,-3.7738603e-01,-3.6322582e+00,3.1454317e+01,-1.2681427e+01,2.3180228e-01,2.3943777e-01,-3.7167984e-01,8.6648214e-01
-5.6024320e+00,2.2541409e+00,7.7045410e+00,-5.7389016e+00,2.0729299e+00,7.6771574e+00,-7.2437980e-02,-4.7936898e-02,-1.5765913e-01,1.3646950e-01,1.8121114e-01,2.7383681e-02,-3.4852095e+00,3.1484133e+01,-1.2235479e+01,2.2659440e-01,2.3921960e-01,-3.7779355e-01,8.6527514e-01
-5.8155160e+00,2.2744915e+00,7.6590514e+00,-5.7248354e+00,2.0847511e+00,7.6843400e+00,-1.0652645e-03,-3.1957930e-02,-1.9174760e-02,-9.0680390e-02,1.8974048e-01,-2.5288755e-02,-3.5480030e+00,3.1471070e+01,-1.1943155e+01,2.2701876e-01,2.3804237e-01,-3.7854180e-01,8.6516154e-01
-5.6096144e+00,2.4229321e+00,7.6470804e+00,-5.7240870e+00,2.1308396e+00,7.6723690e+00,5.3263220e-02,0.0000000e+00,-6.1785337e-02,1.1447277e-01,2.9209262e-01,-2.5288755e-02,-3.7579713e+00,3.1633120e+01,-1.1633604e+01,2.3011205e-01,2.3635413e-01,-3.8117823e-01,8.6364824e-01
-5.7281275e+00,2.0338743e+00,7.5022310e+00,-5.6676740e+00,2.2270565e+00,7.6868840e+00,9.5873795e-02,-7.7764300e-02,7.7764300e-02,-6.0453594e-02,-1.9318216e-01,-1.8465280e-01,-3.9372778e+00,3.2054565e+01,-1.1213794e+01,2.3322892e-01,2.3168660e-01,-3.8016610e-01,8.6452264e-01
-5.6120086e+00,1.8722657e+00,7.2520370e+00,-5.6782985e+00,2.2093992e+00,7.6840405e+00,-4.2610580e-03,-1.1717909e-02,3.0892668e-02,6.6289460e-02,-3.3713353e-01,-4.3200377e-01,-4.0219064e+00,3.2501630e+01,-1.0987740e+01,2.3241080e-01,2.3281392e-01,-3.7940990e-01,8.6477226e-01
-5.7029886e+00,2.2278047e+00,7.4615297e+00,-5.7480290e+00,2.1275475e+00,7.6553100e+00,-4.1545313e-02,4.9002163e-02,-1.1930962e-01,4.5040920e-02,1.0025720e-01,-1.9378070e-01,-3.9703321e+00,3.2605186e+01,-1.1181055e+01,2.3119022e-01,2.3714440e-01,-3.8316998e-01,8.6226120e-01
-5.6742580e+00,2.0865470e+00,7.5991960e+00,-5.8041434e+00,2.0667946e+00,7.6295724e+00,-4.7936898e-02,7.2437980e-02,-5.1132694e-02,1.2988544e-01,1.9752163e-02,-3.0376434e-02,-3.7896864e+00,3.2316345e+01,-1.1595773e+01,2.2987450e-01,2.4115922e-01,-3.8390030e-01,8.6117390e-01
-5.8717794e+00,2.5019407e+00,7.4675150e+00,-5.7157080e+00,2.1842601e+00,7.6635404e+00,6.2850600e-02,-1.2996227e-01,4.5806370e-02,-1.5607202e-01,3.1768063e-01,-1.9602527e-01,-3.5980043e+00,3.1986345e+01,-1.1915363e+01,2.3325473e-01,2.3422040e-01,-3.8336180e-01,8.6241920e-01
-5.6742580e+00,1.4867992e+00,7.0676830e+00,-5.7414455e+00,2.1576247e+00,7.6518690e+00,1.1717909e-02,-3.1957934e-03,6.2850600e-02,6.7187290e-02,-6.7082536e-01,-5.8418524e-01,-3.4835358e+00,3.1805948e+01,-1.2096562e+01,2.3223287e-01,2.3649482e-01,-3.8196853e-01,8.6269240e-01
-5.4180784e+00,2.0865470e+00,7.5237790e+00,-5.8002530e+00,1.9825486e+00,7.6548615e+00,-7.1372720e-02,4.5806370e-02,-2.4714135e-01,3.8217443e-01,1.0399814e-01,-1.3108255e-01,-3.4174757e+00,3.1554607e+01,-1.2203818e+01,2.2736016e-01,2.4086379e-01,-3.9092340e-01,8.5876130e-01
-5.8215013e+00,1.6615760e+00,7.6363063e+00,-5.8066874e+00,1.8719665e+00,7.6777560e+00,-7.6699040e-02,-1.1717909e-02,-4.2610580e-02,-1.4814123e-02,-2.1039048e-01,-4.1449618e-02,-3.2911250e+00,3.1259886e+01,-1.2355107e+01,2.2226742e-01,2.4318434e-01,-3.9239980e-01,8.5876715e-01
-5.6479220e+00,2.1583729e+00,7.6782050e+00,-5.7736173e+00,1.8770541e+00,7.7013990e+00,3.4088463e-02,-5.0067430e-02,-1.0439591e-01,1.2569559e-01,2.8131870e-01,-2.3193829e-02,-3.2092493e+00,3.1270077e+01,-1.2540344e+01,2.2289774e-01,2.4010068e-01,-3.9722580e-01,8.5725147e-01
-5.4252610e+00,1.9165585e+00,7.6111674e+00,-5.7366570e+00,1.8950106e+00,7.7245927e+00,1.2783173e-02,-2.1305290e-02,-3.1957934e-03,3.1139585e-01,2.1547815e-02,-1.1342531e-01,-3.4469042e+00,3.1602032e+01,-1.2616047e+01,2.2284019e-01,2.3768713e-01,-3.9766225e-01,8.5773640e-01
-5.6718640e+00,2.1440077e+00,7.7416510e+00,-5.6491190e+00,1.9339164e+00,7.7792100e+00,4.4741105e-02,-1.2463594e-01,-4.1545313e-02,-2.2744916e-02,2.1009120e-01,-3.7559040e-02,-3.8940427e+00,3.2007100e+01,-1.2698682e+01,2.2311741e-01,2.3148157e-01,-4.0087920e-01,8.5786414e-01
-5.4420204e+00,1.8064252e+00,7.4615297e+00,-5.5549970e+00,2.0495863e+00,7.8173680e+00,1.1717909e-01,-1.1930962e-01,8.2025364e-02,1.1297639e-01,-2.4316111e-01,-3.5583824e-01,-4.2042500e+00,3.2352055e+01,-1.2857348e+01,2.2611183e-01,2.2426438e-01,-4.0035054e-01,8.5924286e-01
-5.3318872e+00,1.9273324e+00,7.3525934e+00,-5.6230820e+00,1.9674352e+00,7.7896850e+00,1.0652645e-03,4.3675840e-02,-1.6405073e-01,2.9119480e-01,-4.0102877e-02,-4.3709144e-01,-4.2540330e+00,3.2496086e+01,-1.3050610e+01,2.2562248e-01,2.2787085e-01,-4.0675150e-01,8.5540790e-01
-5.6335564e+00,2.3068132e+00,7.8865004e+00,-5.4852657e+00,2.1016603e+00,7.8526820e+00,7.8829564e-02,-1.6405073e-01,8.8416950e-02,-1.4829087e-01,2.0515315e-01,3.3818100e-02,-4.1250463e+00,3.2292950e+01,-1.3311213e+01,2.2799730e-01,2.1826422e-01,-4.0528363e-01,8.5797620e-01
-5.5473650e+00,1.8471266e+00,7.0545154e+00,-5.6821890e+00,1.9852421e+00,7.7421002e+00,-3.6218990e-02,1.6937704e-01,-1.5659387e-01,1.3482349e-01,-1.3811551e-01,-6.8758480e-01,-3.9755986e+00,3.1908390e+01,-1.3594520e+01,2.2906852e-01,2.2974963e-01,-4.0954540e-01,8.5265190e-01
-5.5844755e+00,2.1404164e+00,7.7189064e+00,-5.7915740e+00,1.9313726e+00,7.6744637e+00,-2.9827405e-02,1.4700650e-01,-1.0546118e-01,2.0709845e-01,2.0904374e-01,4.4442370e-02,-3.8356543e+00,3.1535263e+01,-1.3798076e+01,2.3022920e-01,2.3601122e-01,-4.1158536e-01,8.4964156e-01
-5.1319714e+00,3.1184478e+00,8.7711580e+00,-5.4071550e+00,2.2685060e+00,7.8604636e+00,-1.2783173e-02,-2.5246766e-01,4.5060685e-01,2.7518356e-01,8.4994160e-01,9.1069450e-01,-3.7508790e+00,3.1206692e+01,-1.3907285e+01,2.3138964e-01,2.1374181e-01,-3.9372920e-01,8.6356850e-01
-5.5904610e+00,4.2544966e+00,8.3294280e+00,-4.4355580e+00,3.3336265e+00,8.0858170e+00,4.2077944e-01,-8.7245154e-01,1.3315805e+00,-1.1549030e+00,9.2086980e-01,2.4361002e-01,-3.7894692e+00,3.0810638e+01,-1.4019080e+01,2.5212646e-01,1.5544770e-01,-3.4874684e-01,8.8918160e-01
-3.9731777e+00,3.2213984e+00,7.8960770e+00,-3.0123546e+00,4.2437224e+00,8.3117700e+00,4.8576057e-01,-1.1238539e+00,1.7001620e+00,-9.6082306e-01,-1.0223241e+00,-4.1569328e-01,-3.7087283e+00,3.0168867e+01,-1.4277874e+01,2.6303276e-01,8.3838600e-02,-2.9203770e-01,9.1569590e-01
-2.3774424e+00,3.6367924e+00,7.6147585e+00,-1.7537527e+00,4.6986210e+00,8.4271410e+00,2.7270770e-01,-9.4595480e-01,1.2825783e+00,-6.2368953e-01,-1.0618285e+00,-8.1238260e-01,-3.3735720e+00,2.9269962e+01,-1.5022562e+01,2.6395145e-01,2.5735613e-02,-2.4789748e-01,9.3178016e-01
-1.0486604e+00,4.0857053e+00,7.9236107e+00,-1.0489596e+00,4.8823757e+00,8.4398600e+00,1.4807175e-01,-4.0053943e-01,7.8829570e-01,2.9927520e-04,-7.9667060e-01,-5.1624970e-01,-2.8237140e+00,2.8318790e+01,-1.6343472e+01,2.6394892e-01,-4.0086973e-03,-2.1689397e-01,9.3982550e-01
-1.5083471e-01,4.8566380e+00,8.0864160e+00,-6.6798230e-01,4.9796405e+00,8.4217540e+00,7.1372720e-02,-1.9494338e-01,3.0466563e-01,5.1714754e-01,-1.2300211e-01,-3.3533788e-01,-2.0501218e+00,2.7605295e+01,-1.7847271e+01,2.6487100e-01,-2.1261038e-02,-2.0420858e-01,9.4217310e-01
-2.6575640e-01,4.5322237e+00,7.7464395e+00,-3.7663785e-01,5.0634375e+00,8.3897310e+00,1.0333065e-01,-2.0985709e-01,2.0772657e-01,1.1088146e-01,-5.3121350e-01,-6.4329207e-01,-1.2309673e+00,2.7263807e+01,-1.9229570e+01,2.6644420e-01,-3.5303080e-02,-1.9698840e-01,9.4284505e-01
5.6263740e-02,5.0385976e+00,7.8936830e+00,-3.9983168e-01,5.0643353e+00,8.3880850e+00,-3.0892668e-02,7.5633770e-02,-3.7284255e-02,4.5609543e-01,-2.5737667e-02,-4.9440265e-01,-5.8708364e-01,2.7235790e+01,-2.0174414e+01,2.6675540e-01,-3.4092966e-02,-1.9689265e-01,9.4282156e-01
1.3048400e-01,5.0912700e+00,7.9475527e+00,-4.1928458e-01,5.0968065e+00,8.3674350e+00,6.3915867e-03,1.1717909e-01,1.2783173e-02,5.4976857e-01,-5.5365916e-03,-4.1988313e-01,-1.9025563e-01,2.7242016e+01,-2.0602919e+01,2.6890883e-01,-3.2558933e-02,-1.9364424e-01,9.4293684e-01
1.7956513e-01,5.1487308e+00,8.1438770e+00,-4.6267948e-01,5.0926166e+00,8.3677350e+00,-2.8762140e-02,1.3528858e-01,-3.1957930e-02,6.4224460e-01,5.6114104e-02,-2.2385786e-01,5.4563750e-02,2.7159435e+01,-2.0967232e+01,2.6919886e-01,-2.9829603e-02,-1.9214758e-01,9.4325054e-01
-1.4125790e-01,5.0577510e+00,8.0026190e+00,-5.1999070e-01,5.0704703e+00,8.3777610e+00,-5.0067430e-02,9.3743270e-02,-5.4328486e-02,3.7873277e-01,-1.2719196e-02,-3.7514147e-01,3.7132360e-01,2.7080484e+01,-2.1421774e+01,2.6856880e-01,-2.6782498e-02,-1.9277737e-01,9.4339300e-01
-2.6815060e-01,5.1678843e+00,8.0457140e+00,-5.7610476e-01,5.0632877e+00,8.3785090e+00,-4.2610580e-02,8.0960095e-02,-5.5393750e-02,3.0795420e-01,1.0459669e-01,-3.3279404e-01,8.6758520e-01,2.7033743e+01,-2.1651270e+01,2.6876095e-01,-2.4055008e-02,-1.9368999e-01,9.4322485e-01
-4.5968673e-01,5.0433860e+00,7.8996687e+00,-7.2634095e-01,5.0344076e+00,8.3841950e+00,-6.4981130e-02,1.6724652e-01,-8.3090626e-02,2.6665422e-01,8.9782560e-03,-4.8452657e-01,1.4552605e+00,2.7085867e+01,-2.1594240e+01,2.6880068e-01,-1.6273819e-02,-1.9486181e-01,9.4313850e-01
-3.7229836e-01,5.2732290e+00,8.1773960e+00,-8.2525140e-01,5.0376997e+00,8.3731220e+00,-3.3023197e-02,1.3741910e-01,-8.8416950e-02,4.5295304e-01,2.3552959e-01,-1.9572599e-01,1.9405653e+00,2.7189741e+01,-2.1381964e+01,2.7009508e-01,-1.1589232e-02,-1.9622399e-01,9.4255530e-01
-5.8657944e-01,5.1391540e+00,8.0505030e+00,-8.6490536e-01,5.0357540e+00,8.3702780e+00,-3.3023197e-02,5.1132694e-02,-6.2850600e-02,2.7832595e-01,1.0339958e-01,-3.1977555e-01,2.2512152e+00,2.7223530e+01,-2.1137562e+01,2.7042484e-01,-1.0001330e-02,-1.9789656e-01,9.4212910e-01
-7.3980830e-01,4.8614264e+00,8.0241670e+00,-9.4196874e-01,5.0020857e+00,8.3821000e+00,-4.1545313e-02,7.1372720e-02,-7.8829564e-02,2.0216040e-01,-1.4065935e-01,-3.5793316e-01,2.4466476e+00,2.7157776e+01,-2.0970741e+01,2.6941760e-01,-6.3151773e-03,-2.0033479e-01,9.4193430e-01
-6.3566050e-01,5.1774610e+00,8.1187380e+00,-1.0386347e+00,4.9821840e+00,8.3825490e+00,-5.5393750e-02,1.0865697e-01,-1.1611382e-01,4.0297407e-01,1.9527708e-01,-2.6381110e-01,2.4444406e+00,2.6983267e+01,-2.0829456e+01,2.6944023e-01,-1.9882275e-03,-2.0346779e-01,9.4127520e-01
-6.0812724e-01,5.1535190e+00,8.3006970e+00,-9.3673140e-01,4.9696145e+00,8.4020020e+00,-4.3675840e-02,-8.4155890e-02,-2.6631610e-02,3.2860420e-01,1.8390462e-01,-1.0130466e-01,2.2295089e+00,2.6835900e+01,-2.0713486e+01,2.6749630e-01,-7.5625163e-03,-2.0514830e-01,9.4143660e-01
-6.1770403e-01,5.4683566e+00,8.2516165e+00,-8.8151515e-01,4.9829320e+00,8.4002070e+00,-5.0067430e-02,-4.9002163e-02,-4.6871636e-02,2.6381110e-01,4.8542440e-01,-1.4859015e-01,1.9555287e+00,2.6879130e+01,-2.0677105e+01,2.6755145e-01,-1.1159170e-02,-2.0722330e-01,9.4093050e-01
-8.0205756e-01,4.9224787e+00,8.0756430e+00,-7.6210433e-01,5.0053780e+00,8.3984110e+00,1.2783173e-02,-1.4381070e-01,1.4913702e-02,-3.9953240e-02,-8.2899235e-02,-3.2276833e-01,1.8263559e+00,2.7182993e+01,-2.0700787e+01,2.6734468e-01,-1.7953448e-02,-2.0848721e-01,9.4060490e-01
-9.5648360e-01,4.6339774e+00,7.6195470e+00,-8.3557640e-01,4.9474683e+00,8.4257950e+00,-7.5633770e-02,-1.2783173e-02,-1.1717909e-01,-1.2090719e-01,-3.1349078e-01,-8.0624740e-01,1.8661450e+00,2.7699635e+01,-2.0718770e+01,2.6490280e-01,-1.5125961e-02,-2.1447070e-01,9.4000000e-01
-5.8298814e-01,4.7070007e+00,8.3629465e+00,-9.0351190e-01,4.8017210e+00,8.5027080e+00,-1.6724652e-01,1.0013486e-01,-5.0067430e-02,3.2052374e-01,-9.4720600e-02,-1.3976152e-01,1.9045202e+00,2.8171091e+01,-2.0760164e+01,2.5764492e-01,-9.9358990e-03,-2.1512067e-01,9.4193600e-01
-6.8234750e-01,5.1942205e+00,8.4682910e+00,-9.3463650e-01,4.7128363e+00,8.5489460e+00,-1.5552860e-01,2.1305290e-03,-1.3848437e-01,2.5228900e-01,4.8138420e-01,-8.0654670e-02,1.8752378e+00,2.8408867e+01,-2.0849085e+01,2.5306904e-01,-8.7691530e-03,-2.2093253e-01,9.4184285e-01
-6.6678520e-01,4.4304705e+00,8.4706860e+00,-8.7089086e-01,4.7092450e+00,8.5576250e+00,2.4501082e-02,-5.4328486e-02,-1.5978966e-02,2.0410569e-01,-2.7877486e-01,-8.6939450e-02,1.9530569e+00,2.8443422e+01,-2.0898561e+01,2.5204396e-01,-1.2323254e-02,-2.2219855e-01,9.4178015e-01
-6.9192430e-01,4.8171340e+00,8.3832970e+00,-7.4354930e-01,4.7845130e+00,8.5278470e+00,7.9894830e-02,-1.7576863e-01,-6.0720070e-02,5.1624972e-02,3.2621000e-02,-1.4454992e-01,2.2447786e+00,2.8403780e+01,-2.0860020e+01,2.5446320e-01,-2.1146316e-02,-2.2707748e-01,9.3980700e-01
-5.3630120e-01,4.4759603e+00,8.1211320e+00,-5.1131170e-01,4.8750434e+00,8.4935800e+00,1.2463594e-01,-2.4820662e-01,5.8589544e-02,-2.4989480e-02,-3.9908350e-01,-3.7244800e-01,2.3749470e+00,2.8350025e+01,-2.0793232e+01,2.5644344e-01,-3.4386220e-02,-2.2750970e-01,9.3877244e-01
-5.2552730e-01,5.1343656e+00,8.1115550e+00,-4.0207624e-01,4.9199347e+00,8.4735290e+00,5.3263223e-03,-1.8322548e-01,-5.8589544e-02,-1.2345102e-01,2.1443069e-01,-3.6197338e-01,2.1684227e+00,2.8252893e+01,-2.0708797e+01,2.5729284e-01,-4.1999783e-02,-2.3261234e-01,9.3697810e-01
-2.8730420e-01,4.7488990e+00,8.1498620e+00,-2.9837740e-01,4.9625816e+00,8.4528790e+00,5.2197956e-02,-8.5221160e-02,6.3915860e-02,1.1073183e-02,-2.1368250e-01,-3.0301616e-01,1.7696356e+00,2.8034134e+01,-2.0564579e+01,2.5840660e-01,-4.7370907e-02,-2.3061757e-01,9.3690854e-01
-2.1308395e-01,5.0374002e+00,8.1666220e+00,-2.8401217e-01,4.9917607e+00,8.4362690e+00,1.0652645e-02,-1.9174760e-02,-2.1305290e-02,7.0928220e-02,4.5639470e-02,-2.6964697e-01,1.1501194e+00,2.7711512e+01,-2.0450045e+01,2.5978032e-01,-4.8809730e-02,-2.3163226e-01,9.3620420e-01
-1.6998832e-01,4.8566380e+00,8.0517010e+00,-2.7383682e-01,5.0327616e+00,8.4121770e+00,4.2610580e-02,2.2370553e-02,3.3023197e-02,1.0384850e-01,-1.7612346e-01,-3.6047700e-01,4.5874593e-01,2.7492230e+01,-2.0402056e+01,2.6202902e-01,-4.9336180e-02,-2.2950993e-01,9.3607260e-01
-1.4844051e-01,4.9512090e+00,8.1594390e+00,-3.1917700e-01,5.0243820e+00,8.4156190e+00,-1.8109495e-02,5.3263220e-02,-4.4741105e-02,1.7073650e-01,-7.3172790e-02,-2.5617957e-01,-4.1003740e-02,2.7469639e+01,-2.0425040e+01,2.6209554e-01,-4.7205970e-02,-2.3062718e-01,9.3588930e-01
-1.2449849e-01,5.0469770e+00,8.0325470e+00,-2.6785132e-01,5.0602950e+00,8.3958660e+00,1.7044231e-02,-2.3435818e-02,2.6631610e-02,1.4335282e-01,-1.3317747e-02,-3.6332010e-01,-2.4638024e-01,2.7396992e+01,-2.0536758e+01,2.6349318e-01,-4.9989700e-02,-2.2931660e-01,9.3567430e-01
-1.6160862e-01,4.9093110e+00,8.0505030e+00,-2.9194298e-01,5.0511670e+00,8.4005060e+00,-1.9174760e-02,4.4741105e-02,-5.3263223e-03,1.3033436e-01,-1.4185645e-01,-3.5000235e-01,-1.2204627e-01,2.6988200e+01,-2.0668737e+01,2.6331937e-01,-4.8466776e-02,-2.2878188e-01,9.3593420e-01
-1.7836803e-01,4.8530470e+00,8.0947960e+00,-3.1064767e-01,5.0305170e+00,8.4121770e+00,-2.5566347e-02,3.0892668e-02,-1.8109495e-02,1.3227965e-01,-1.7747020e-01,-3.1738135e-01,2.3906640e-01,2.6425558e+01,-2.0724882e+01,2.6240330e-01,-4.7289006e-02,-2.2906557e-01,9.3618226e-01
-1.7717093e-01,5.1607018e+00,8.1785930e+00,-3.4626140e-01,5.0317140e+00,8.4100830e+00,-2.7696876e-02,2.2370553e-02,-7.7764300e-02,1.6909050e-01,1.2898761e-01,-2.3148938e-01,5.8239144e-01,2.6138367e+01,-2.0718850e+01,2.6278245e-01,-4.6324510e-02,-2.3206020e-01,9.3538624e-01
-2.2026655e-01,5.0876784e+00,8.2109150e+00,-3.1797990e-01,5.0466780e+00,8.4023010e+00,0.0000000e+00,-3.5153728e-02,-2.7696876e-02,9.7713360e-02,4.1000705e-02,-1.9138649e-01,6.8594646e-01,2.6277119e+01,-2.0699160e+01,2.6316133e-01,-4.8416913e-02,-2.3357934e-01,9.3479556e-01
-1.3886370e-01,4.9129020e+00,8.1845790e+00,-3.0122050e-01,5.0604444e+00,8.3946700e+00,1.9174760e-02,-5.3263223e-03,-1.7044231e-02,1.6235681e-01,-1.4754269e-01,-2.1009120e-01,5.8025750e-01,2.6740295e+01,-2.0676844e+01,2.6367778e-01,-4.9637290e-02,-2.3413543e-01,9.3444690e-01
-2.4181437e-01,5.0242324e+00,8.0732480e+00,-2.6321256e-01,5.0701710e+00,8.3900310e+00,-4.2610580e-03,-6.8176925e-02,-4.1545313e-02,2.1398177e-02,-4.5938745e-02,-3.1678280e-01,4.1040380e-01,2.7251879e+01,-2.0702232e+01,2.6356602e-01,-5.2507660e-02,-2.3689398e-01,9.3362590e-01
-3.4356794e-01,4.7058034e+00,8.0157870e+00,-3.6032736e-01,5.0264770e+00,8.4127760e+00,-4.0480047e-02,8.8416950e-02,-4.4741105e-02,1.6759412e-02,-3.2067338e-01,-3.9698857e-01,2.4352977e-01,2.7536844e+01,-2.0715685e+01,2.6237527e-01,-4.7182740e-02,-2.3796463e-01,9.3397313e-01
-4.4292730e-01,5.2672440e+00,8.0852190e+00,-4.5115740e-01,5.0158525e+00,8.4145720e+00,-5.9654810e-02,3.0892668e-02,-1.2996227e-01,8.2300690e-03,2.5139117e-01,-3.2935238e-01,1.5565225e-01,2.7493858e+01,-2.0705930e+01,2.6275033e-01,-4.3947750e-02,-2.4353032e-01,9.3258995e-01
-5.2073884e-01,4.5872903e+00,8.0205760e+00,-5.1505260e-01,4.9986444e+00,8.4211560e+00,0.0000000e+00,7.4568510e-02,7.4568510e-03,-5.6862290e-03,-4.1135377e-01,-4.0057987e-01,1.5259187e-01,2.7198828e+01,-2.0672173e+01,2.6272980e-01,-4.0104173e-02,-2.4235448e-01,9.3307510e-01
-5.7819970e-01,4.9990930e+00,8.0744450e+00,-6.2623340e-01,4.9640780e+00,8.4341740e+00,-6.2850600e-02,6.8176925e-02,-1.1611382e-01,4.8033673e-02,3.5015200e-02,-3.5972880e-01,1.3125980e-01,2.6916058e+01,-2.0529710e+01,2.6217994e-01,-3.5163300e-02,-2.4680635e-01,9.3226165e-01
-5.0158525e-01,4.6279917e+00,8.1666220e+00,-5.5500590e-01,4.9401360e+00,8.4531780e+00,-1.3848438e-02,-5.6459013e-02,3.9414782e-02,5.3420626e-02,-3.1214404e-01,-2.8655600e-01,4.6038646e-02,2.6754505e+01,-2.0378380e+01,2.5990862e-01,-3.8135260e-02,-2.4575976e-01,9.3305695e-01
-2.1188685e-01,4.9176903e+00,8.2432370e+00,-4.4861355e-01,4.9372930e+00,8.4611090e+00,-1.3848438e-02,-1.2037488e-01,-5.3263220e-02,2.3672669e-01,-1.9602526e-02,-2.1787235e-01,-6.7671440e-02,2.6653135e+01,-2.0341848e+01,2.5810605e-01,-4.4514317e-02,-2.4938522e-01,9.3231260e-01
-1.8195933e-01,4.6303860e+00,8.2336600e+00,-2.8042087e-01,4.9006314e+00,8.4895400e+00,-2.8762140e-02,-1.8322548e-01,2.1305290e-03,9.8461546e-02,-2.7024552e-01,-2.5588030e-01,-1.5763120e-01,2.6630266e+01,-2.0441608e+01,2.5362763e-01,-5.3111120e-02,-2.5161250e-01,9.3249310e-01
-2.4301147e-01,5.1403510e+00,8.2731640e+00,-2.1891981e-01,4.9127520e+00,8.4844520e+00,-2.4501082e-02,-1.4274544e-01,-1.1504856e-01,-2.4091655e-02,2.2759880e-01,-2.1128830e-01,-2.1843958e-01,2.6693960e+01,-2.0586716e+01,2.5298908e-01,-5.8360104e-02,-2.5871995e-01,9.3040560e-01
-2.0949265e-01,4.5178585e+00,8.1103580e+00,-1.4036007e-01,4.9558477e+00,8.4609590e+00,7.8829564e-02,-1.0759170e-01,-4.2610580e-03,-6.9132574e-02,-4.3798926e-01,-3.5060090e-01,-2.2359513e-01,2.6756690e+01,-2.0576286e+01,2.5411648e-01,-6.3479535e-02,-2.6028326e-01,9.2932653e-01
-1.5322891e-01,4.7788267e+00,8.0397290e+00,-1.6101007e-01,4.9432783e+00,8.4679920e+00,-2.3435818e-02,-2.7696876e-02,-8.9482210e-02,7.7811554e-03,-1.6445173e-01,-4.2826283e-01,-1.5661155e-01,2.6687767e+01,-2.0389719e+01,2.5342062e-01,-6.3458376e-02,-2.6482400e-01,9.2823460e-01
-2.3343466e-01,4.5334210e+00,7.9439610e+00,-2.1592706e-01,4.9145480e+00,8.4834050e+00,-2.5566347e-02,5.9654810e-02,0.0000000e+00,-1.7507600e-02,-3.8112697e-01,-5.3944355e-01,-1.4266685e-01,2.6495390e+01,-2.0155958e+01,2.5269774e-01,-6.0036957e-02,-2.6423606e-01,9.2882650e-01
-4.7884032e-02,4.8111480e+00,8.3952680e+00,-3.3054948e-01,4.8359880e+00,8.5248550e+00,-9.5873795e-02,1.2783173e-01,-8.9482210e-02,2.8266543e-01,-2.4839843e-02,-1.2958616e-01,-1.4196720e-01,2.6386050e+01,-2.0064707e+01,2.4996565e-01,-5.3572763e-02,-2.6656413e-01,9.2929584e-01
-2.3343466e-01,4.9619830e+00,8.3880850e+00,-3.9728785e-01,4.8379335e+00,8.5209640e+00,-2.0240024e-02,7.5633770e-02,-5.0067430e-02,1.6385318e-01,1.2404957e-01,-1.3287820e-01,-5.8653526e-02,2.6560710e+01,-2.0282274e+01,2.5099707e-01,-5.0515644e-02,-2.6762180e-01,9.2888490e-01
-4.5729253e-01,4.6100354e+00,8.2444330e+00,-6.0363810e-01,4.7904983e+00,8.5354790e+00,-4.6871636e-02,1.9387813e-01,-1.2037488e-01,1.4634559e-01,-1.8046296e-01,-2.9104513e-01,-1.0557836e-02,2.6801186e+01,-2.0563100e+01,2.5138270e-01,-4.0147690e-02,-2.7068716e-01,9.2839830e-01
-4.9081135e-01,4.8123455e+00,8.1809870e+00,-4.8362875e-01,4.8225207e+00,8.5251540e+00,1.2783173e-02,-1.2144014e-01,4.0480047e-02,-7.1826050e-03,-1.0175358e-02,-3.4416650e-01,1.3605945e-02,2.6836226e+01,-2.0602604e+01,2.5132096e-01,-4.6607133e-02,-2.7023786e-01,9.2824405e-01
1.1851298e-01,4.5178585e+00,8.4120270e+00,-2.0664953e-01,4.7779290e+00,8.5613660e+00,-3.1957930e-02,-2.6525083e-01,1.4913702e-02,3.2516253e-01,-2.6007015e-01,-1.4933833e-01,1.2785774e-01,2.6805098e+01,-2.0473790e+01,2.4460980e-01,-6.0438730e-02,-2.7248722e-01,9.2858166e-01
-1.9153613e-01,4.7896004e+00,8.0828250e+00,2.0051438e-02,4.7318406e+00,8.5893480e+00,-9.3743270e-02,-3.4194988e-01,-8.0960095e-02,-2.1158758e-01,5.7760116e-02,-5.0652330e-01,2.0463862e-01,2.6826118e+01,-2.0314905e+01,2.3810226e-01,-7.3257640e-02,-2.8086883e-01,9.2685130e-01
2.9927522e-02,4.2951980e+00,8.1726070e+00,7.7063370e-02,4.5780130e+00,8.6720980e+00,-1.7683390e-01,-1.5339808e-01,-1.4913702e-01,-4.7135845e-02,-2.8281507e-01,-4.9949032e-01,1.1228326e-02,2.6931267e+01,-2.0160112e+01,2.2825440e-01,-7.5790900e-02,-2.9030290e-01,9.2621815e-01
1.7717093e-01,4.7955860e+00,8.5808190e+00,3.3668462e-02,4.5150156e+00,8.7053175e+00,-1.1611382e-01,-3.5153728e-02,-2.0666130e-01,1.4350246e-01,2.8057050e-01,-1.2449849e-01,-4.3765882e-01,2.7053768e+01,-1.9935234e+01,2.2480118e-01,-7.4930290e-02,-3.0031660e-01,9.2393720e-01
-9.9359370e-02,4.4280763e+00,8.3150625e+00,-1.0773907e-02,4.4768580e+00,8.7250700e+00,-6.3915860e-02,-2.8762140e-02,-1.2783173e-01,-8.8585466e-02,-4.8781860e-02,-4.1000703e-01,-1.0127750e+00,2.6980001e+01,-1.9555933e+01,2.2299418e-01,-7.3594960e-02,-3.0684048e-01,9.2233750e-01
1.8315643e-01,4.5453920e+00,8.6406740e+00,2.5737667e-02,4.4792523e+00,8.7237220e+00,-1.0652645e-02,-7.4568510e-02,-1.1185277e-01,1.5741876e-01,6.6139825e-02,-8.3048870e-02,-1.6407257e+00,2.6619673e+01,-1.9043592e+01,2.2204170e-01,-7.6837644e-02,-3.1256902e-01,9.2037710e-01
9.8162270e-02,3.9324763e+00,8.4419560e+00,5.6712653e-02,4.4725184e+00,8.7270150e+00,4.0480047e-02,-6.3915860e-02,-6.8176925e-02,4.1449618e-02,-5.4004210e-01,-2.8505963e-01,-2.3180650e+00,2.6178970e+01,-1.8480059e+01,2.2084354e-01,-7.9164620e-02,-3.1636834e-01,9.1916937e-01
1.7717093e-01,4.3323080e+00,8.2396450e+00,3.4566287e-02,4.3038770e+00,8.8115600e+00,-2.3116238e-01,-3.5153728e-02,-1.6618125e-01,1.4260463e-01,2.8431145e-02,-5.7191490e-01,-3.0634685e+00,2.5937643e+01,-1.8048738e+01,2.1172790e-01,-7.6817170e-02,-3.2492380e-01,9.1852870e-01
-2.0709845e-01,3.9312792e+00,8.4168160e+00,9.4271690e-03,4.1798270e+00,8.8711160e+00,-1.3635385e-01,-5.5393750e-02,-1.0546118e-01,-2.1652561e-01,-2.4854806e-01,-4.5429978e-01,-3.6649387e+00,2.5784046e+01,-1.7871010e+01,2.0525661e-01,-7.4584990e-02,-3.3118704e-01,9.1794440e-01
3.5913025e-03,4.3514614e+00,8.7639750e+00,5.4767363e-02,4.1994300e+00,8.8616890e+00,-3.1957934e-03,-1.1717909e-01,-1.2357067e-01,-5.1176060e-02,1.5203181e-01,-9.7713360e-02,-4.0047746e+00,2.5526655e+01,-1.7805607e+01,2.0488091e-01,-7.8734110e-02,-3.3804357e-01,9.1517824e-01
-3.9743748e-01,3.8103720e+00,8.1797905e+00,1.4065935e-02,4.2253170e+00,8.8495680e+00,4.0480047e-02,-3.9414782e-02,-4.7936898e-02,-4.1150340e-01,-4.1494510e-01,-6.6977790e-01,-4.2563076e+00,2.5285496e+01,-1.7554407e+01,2.0668006e-01,-7.7948560e-02,-3.4111112e-01,9.1370153e-01
1.2210429e-01,4.1826706e+00,8.6837690e+00,7.9457566e-02,4.2232223e+00,8.8503160e+00,-7.4568510e-03,-8.9482210e-02,-4.6871636e-02,4.2646717e-02,-4.0551793e-02,-1.6654666e-01,-4.5494914e+00,2.5174055e+01,-1.6996967e+01,2.0510943e-01,-8.1785300e-02,-3.4412060e-01,9.1259100e-01
1.2928689e-01,3.8414967e+00,8.4850510e+00,1.7761984e-01,4.2595840e+00,8.8313120e+00,7.2437980e-02,-1.1504856e-01,4.2610580e-03,-4.8332950e-02,-4.1808748e-01,-3.4626140e-01,-4.8639140e+00,2.5057556e+01,-1.6418465e+01,2.0508500e-01,-8.7530270e-02,-3.4497088e-01,9.1174210e-01
8.4994160e-02,3.9624038e+00,8.3689320e+00,1.6684593e-01,4.2034700e+00,8.8583970e+00,-6.3915860e-02,-3.6218990e-02,-7.7764300e-02,-8.1851770e-02,-2.4106619e-01,-4.8946460e-01,-5.1707760e+00,2.4842928e+01,-1.6137428e+01,2.0200980e-01,-8.6802950e-02,-3.4927082e-01,9.1086070e-01
-1.0773907e-02,3.8391025e+00,8.1462720e+00,9.1428580e-02,4.1849150e+00,8.8682730e+00,-2.0240024e-02,7.5633770e-02,1.0652645e-02,-1.0220248e-01,-3.4581250e-01,-7.2200143e-01,-5.5320525e+00,2.4787237e+01,-1.6143167e+01,2.0256041e-01,-8.2505700e-02,-3.4824374e-01,9.1153080e-01
-5.5066638e-02,3.7948096e+00,8.5796210e+00,2.1996727e-02,4.1091980e+00,8.9040365e+00,-6.4981130e-02,2.8762140e-02,-8.0960095e-02,-7.7063370e-02,-3.1438860e-01,-3.2441434e-01,-5.8626450e+00,2.4996630e+01,-1.6388660e+01,1.9967318e-01,-7.8397920e-02,-3.5209012e-01,9.1105270e-01
-2.3463176e-01,3.4656070e+00,8.2396450e+00,-7.3322426e-03,4.1223664e+00,8.8980500e+00,5.8589544e-02,-9.5873800e-03,-1.7044231e-02,-2.2729953e-01,-6.5675944e-01,-6.5840550e-01,-6.1576780e+00,2.5187252e+01,-1.6774292e+01,2.0079598e-01,-7.7493850e-02,-3.5321810e-01,9.1044640e-01
2.1068975e-01,3.5948940e+00,8.7615810e+00,-3.2172084e-02,4.0316860e+00,8.9393500e+00,-5.6459013e-02,2.9827405e-02,-7.5633770e-02,2.4286184e-01,-4.3679217e-01,-1.7776948e-01,-6.4960940e+00,2.5182709e+01,-1.7002048e+01,1.9639980e-01,-7.5100730e-02,-3.5642680e-01,9.1035540e-01
3.4237084e-01,4.1970360e+00,8.8322110e+00,1.9737200e-01,4.0880995e+00,8.9116680e+00,4.4741105e-02,-2.5566345e-01,-4.5806370e-02,1.4499883e-01,1.0893618e-01,-7.9457566e-02,-6.6536050e+00,2.4937365e+01,-1.6963795e+01,1.9449615e-01,-8.8325754e-02,-3.6055590e-01,9.0794784e-01
2.5258827e-01,3.6739025e+00,8.4072390e+00,3.0930093e-01,4.0900445e+00,8.9076270e+00,2.4501082e-02,-1.4700650e-01,-3.4088463e-02,-5.6712653e-02,-4.1614220e-01,-5.0038815e-01,-6.5133467e+00,2.4640385e+01,-1.6767406e+01,1.9213937e-01,-9.4442144e-02,-3.6354390e-01,9.0664160e-01
4.3095630e-01,4.2748470e+00,8.3138660e+00,3.9594110e-01,4.0671500e+00,8.9146600e+00,-8.8416950e-02,-1.1611382e-01,-5.9654810e-02,3.5015200e-02,2.0769700e-01,-6.0079500e-01,-6.3912440e+00,2.4511122e+01,-1.6507618e+01,1.8888865e-01,-9.8991670e-02,-3.6750730e-01,9.0524040e-01
7.1706340e-01,3.9528270e+00,8.5676510e+00,4.8123455e-01,3.9381626e+00,8.9682300e+00,-1.6618125e-01,-4.2610580e-02,3.1957930e-02,2.3582886e-01,1.4664485e-02,-4.0057987e-01,-6.5692186e+00,2.4294548e+01,-1.6224438e+01,1.8085007e-01,-1.0020170e-01,-3.6685646e-01,9.0701120e-01
8.8226330e-01,5.0338090e+00,9.0321250e+00,5.6398416e-01,3.9374144e+00,8.9635920e+00,-1.4061491e-01,-7.8829564e-02,-7.1372720e-02,3.1827918e-01,1.0963948e+00,6.8534024e-02,-6.8849690e+00,2.3915836e+01,-1.5986147e+01,1.7876664e-01,-1.0497818e-01,-3.7073863e-01,9.0530384e-01
4.9081135e-01,3.5374330e+00,8.3054860e+00,6.6439100e-01,3.9679403e+00,8.9433910e+00,5.5393750e-02,-1.0972223e-01,4.6871636e-02,-1.7357962e-01,-4.3050740e-01,-6.3790510e-01,-7.1297820e+00,2.3653433e+01,-1.5846157e+01,1.7847430e-01,-1.1027636e-01,-3.6951634e-01,9.0523136e-01
4.8123455e-01,3.4045548e+00,8.0517010e+00,4.9006316e-01,3.7701194e+00,9.0396080e+00,-2.2796659e-01,1.8429075e-01,-3.7284255e-02,-8.8286190e-03,-3.6556467e-01,-9.8790747e-01,-7.3772097e+00,2.3584982e+01,-1.5803743e+01,1.7189777e-01,-9.7758940e-02,-3.7070403e-01,9.0745410e-01
9.5528650e-01,3.2465374e+00,9.0788130e+00,4.7614688e-01,3.6091094e+00,9.1058970e+00,-1.2996227e-01,9.4808534e-02,1.5978966e-02,4.7913963e-01,-3.6257192e-01,-2.7084406e-02,-7.7022800e+00,2.3736248e+01,-1.5877000e+01,1.6434175e-01,-9.3382350e-02,-3.6928686e-01,9.0988950e-01
9.9957920e-01,3.8953662e+00,9.2380280e+00,4.7704470e-01,3.5658640e+00,9.1228070e+00,-8.8416950e-02,3.3023197e-02,-1.0865697e-01,5.2253455e-01,3.2950202e-01,1.1522096e-01,-7.9514190e+00,2.4108349e+01,-1.5984220e+01,1.6174342e-01,-9.3283610e-02,-3.7363237e-01,9.0859020e-01
9.5528650e-01,3.7385460e+00,9.0500820e+00,4.9829322e-01,3.5737948e+00,9.1186160e+00,-1.8109495e-02,2.0240024e-02,-6.2850600e-02,4.5699325e-01,1.6475101e-01,-6.8534024e-02,-7.9368180e+00,2.4497414e+01,-1.5923123e+01,1.6149089e-01,-9.4862790e-02,-3.7577403e-01,9.0758780e-01
9.4810385e-01,4.4304705e+00,8.9076270e+00,5.3016603e-01,3.6110547e+00,9.1020070e+00,-7.8829564e-02,-8.5221160e-03,-9.0547480e-02,4.1793784e-01,8.1941550e-01,-1.9437926e-01,-7.7249160e+00,2.4713634e+01,-1.5645272e+01,1.6230251e-01,-9.7872615e-02,-3.7951900e-01,9.0556294e-01
3.0526072e-01,3.5805287e+00,8.6574335e+00,6.1171854e-01,3.7280712e+00,9.0496340e+00,1.2783173e-01,-1.2037488e-01,2.7696876e-02,-3.0645782e-01,-1.4754269e-01,-3.9220017e-01,-7.5052710e+00,2.4804506e+01,-1.5393136e+01,1.6649906e-01,-1.0426304e-01,-3.7896650e-01,9.0431833e-01
9.6486330e-01,4.2461166e+00,8.5951840e+00,8.2345575e-01,3.8585553e+00,8.9778070e+00,7.4568510e-02,-2.1411815e-01,-7.4568510e-03,1.4140753e-01,3.8756140e-01,-3.8262334e-01,-7.3371487e+00,2.4970150e+01,-1.5355606e+01,1.6855542e-01,-1.1765661e-01,-3.8030820e-01,9.0172700e-01
7.5297640e-01,3.4608185e+00,8.3437930e+00,9.4825350e-01,3.8256350e+00,8.9796030e+00,-2.2370553e-02,-1.4487596e-01,2.9827405e-02,-1.9527708e-01,-3.6481650e-01,-6.3581020e-01,-7.2503963e+00,2.5161894e+01,-1.5421048e+01,1.6441832e-01,-1.2300806e-01,-3.8050010e-01,9.0169590e-01
9.6486330e-01,4.3035774e+00,8.5915930e+00,9.0590610e-01,3.8060324e+00,8.9923220e+00,-1.1185277e-01,3.8349520e-02,-4.7936898e-02,5.8957215e-02,4.9754503e-01,-4.0072950e-01,-7.2611120e+00,2.5109615e+01,-1.5393043e+01,1.6399635e-01,-1.2092040e-01,-3.8276488e-01,9.0109620e-01
1.0043676e+00,3.5517980e+00,8.7113030e+00,9.0725280e-01,3.7508163e+00,9.0153670e+00,-4.9002163e-02,2.7696876e-02,2.3435818e-02,9.7114810e-02,-1.9901802e-01,-3.0406362e-01,-7.2568710e+00,2.4802680e+01,-1.5311110e+01,1.6140313e-01,-1.1954220e-01,-3.8161665e-01,9.0223480e-01
1.1719618e+00,4.1395745e+00,8.9710740e+00,9.8222125e-01,3.7603931e+00,9.0035450e+00,-4.4741105e-02,-7.8829564e-02,-5.4328486e-02,1.8974048e-01,3.7918168e-01,-3.2471360e-02,-7.2611732e+00,2.4420033e+01,-1.5249331e+01,1.5995961e-01,-1.2392120e-01,-3.8463596e-01,9.0061730e-01
8.9902276e-01,3.4093432e+00,8.3856920e+00,9.8431620e-01,3.7723641e+00,8.9983080e+00,3.0892668e-02,1.0652645e-02,3.6218990e-02,-8.5293435e-02,-3.6302084e-01,-6.1261636e-01,-7.3577814e+00,2.4121517e+01,-1.5090637e+01,1.6076522e-01,-1.2396496e-01,-3.8277006e-01,9.0126264e-01
1.1971009e+00,4.1766850e+00,8.7125000e+00,9.4974990e-01,3.7659297e+00,9.0047430e+00,-8.5221160e-02,3.4088463e-02,-1.0333065e-01,2.4735096e-01,4.1075522e-01,-2.9224226e-01,-7.4941974e+00,2.4026201e+01,-1.4827991e+01,1.6053714e-01,-1.2293597e-01,-3.8719684e-01,8.9955163e-01
1.3479356e+00,4.1407720e+00,8.8824880e+00,1.0351930e+00,3.8796542e+00,8.9468330e+00,9.6939065e-02,-2.7696876e-02,5.0067430e-02,3.1274260e-01,2.6111764e-01,-6.4344170e-02,-7.6374655e+00,2.4121037e+01,-1.4582541e+01,1.6483460e-01,-1.2910023e-01,-3.8406372e-01,8.9925400e-01
1.1192893e+00,3.9899370e+00,8.8980500e+00,1.0681132e+00,3.8631940e+00,8.9499750e+00,-5.3263220e-02,-8.8416950e-02,-1.3741910e-01,5.1176060e-02,1.2674305e-01,-5.1924250e-02,-7.7259536e+00,2.4169134e+01,-1.4364200e+01,1.6232150e-01,-1.3161832e-01,-3.9119586e-01,8.9626690e-01
8.6670100e-01,3.7995980e+00,8.3940720e+00,9.7982705e-01,3.8744168e+00,8.9553610e+00,-9.5873800e-03,8.8416950e-02,-3.1957934e-03,-1.1312603e-01,-7.4818805e-02,-5.6129070e-01,-7.7707605e+00,2.3992392e+01,-1.4157488e+01,1.6474907e-01,-1.2751862e-01,-3.9072300e-01,8.9662280e-01
1.2090719e+00,4.0833110e+00,8.9830450e+00,9.0530753e-01,3.8109705e+00,8.9902280e+00,-1.1185277e-01,9.6939065e-02,-7.1372720e-02,3.0376434e-01,2.7234045e-01,-7.1826050e-03,-7.8600683e+00,2.3876870e+01,-1.3982405e+01,1.6281046e-01,-1.2293329e-01,-3.9334628e-01,8.9647020e-01
1.0175357e+00,3.9983168e+00,9.0955720e+00,9.5977560e-01,3.9112277e+00,8.9414450e+00,1.0759170e-01,-6.2850600e-02,-1.9174760e-02,5.7760116e-02,8.7089084e-02,1.5412673e-01,-7.9677970e+00,2.4125230e+01,-1.3857088e+01,1.6650584e-01,-1.2800749e-01,-3.9398557e-01,8.9479900e-01
1.2749124e+00,4.5082817e+00,9.2308445e+00,1.0093056e+00,4.0276456e+00,8.8841340e+00,8.3090626e-02,-5.3263220e-02,-6.8176925e-02,2.6560676e-01,4.8063600e-01,3.4671032e-01,-8.0184570e+00,2.4527905e+01,-1.3854578e+01,1.7081302e-01,-1.3362223e-01,-3.9654028e-01,8.9203350e-01
7.5656770e-01,4.3215340e+00,8.5149780e+00,1.0658686e+00,4.1937437e+00,8.8003370e+00,1.5233281e-01,-1.0865697e-01,-2.1305290e-03,-3.0930093e-01,1.2779051e-01,-2.8535890e-01,-8.0021410e+00,2.4657331e+01,-1.4015142e+01,1.7773883e-01,-1.4041284e-01,-3.9689732e-01,8.8947500e-01
9.4331545e-01,3.9779660e+00,8.4898400e+00,1.0871172e+00,4.2161894e+00,8.7868700e+00,3.8349520e-02,-3.4088463e-02,1.1717909e-02,-1.4380173e-01,-2.3822308e-01,-2.9703066e-01,-7.9422207e+00,2.4437632e+01,-1.4310882e+01,1.7845409e-01,-1.4192341e-01,-3.9659256e-01,8.8922790e-01
9.3613285e-01,4.4867340e+00,8.4228020e+00,1.0945991e+00,4.2191820e+00,8.7844750e+00,-4.9002163e-02,-1.3848438e-02,3.1957930e-02,-1.5846622e-01,2.6755205e-01,-3.6167410e-01,-7.8287983e+00,2.4198606e+01,-1.4672022e+01,1.7858304e-01,-1.4218788e-01,-3.9573216e-01,8.8954310e-01
1.0642227e+00,4.1838675e+00,8.7591870e+00,1.0532991e+00,4.2459670e+00,8.7766940e+00,4.0480047e-02,6.1785337e-02,2.5566347e-02,1.0923545e-02,-6.2099606e-02,-1.7507600e-02,-7.6825833e+00,2.4071907e+01,-1.5052290e+01,1.8108082e-01,-1.4042136e-01,-3.9374387e-01,8.9020073e-01
9.4331545e-01,4.4161053e+00,8.5173720e+00,1.1149498e+00,4.3299136e+00,8.7279130e+00,7.2437980e-02,-8.8416950e-02,1.1717909e-02,-1.7163433e-01,8.6191260e-02,-2.1054012e-01,-7.5496520e+00,2.3920004e+01,-1.5381262e+01,1.8396223e-01,-1.4544569e-01,-3.9370063e-01,8.8882136e-01
8.6670100e-01,3.6954503e+00,8.1893670e+00,9.7713360e-01,4.2838254e+00,8.7671175e+00,-8.5221160e-03,1.7896442e-01,5.3263220e-02,-1.1043255e-01,-5.8837510e-01,-5.7775080e-01,-7.4345340e+00,2.3756443e+01,-1.5576073e+01,1.8513268e-01,-1.3683428e-01,-3.8987480e-01,8.9162767e-01
1.1611878e+00,4.3945570e+00,8.8968530e+00,9.9703540e-01,4.2519526e+00,8.7804360e+00,-5.0067430e-02,-1.7044231e-02,-3.5153728e-02,1.6415246e-01,1.4260463e-01,1.1641806e-01,-7.3358665e+00,2.3708770e+01,-1.5653398e+01,1.8286337e-01,-1.3741282e-01,-3.9168720e-01,8.9121250e-01
6.4164600e-01,3.4955344e+00,8.3162590e+00,9.7069913e-01,4.2359414e+00,8.7910595e+00,5.1132694e-02,2.2370553e-02,6.3915860e-02,-3.2905310e-01,-7.4040690e-01,-4.7480010e-01,-7.3388186e+00,2.3814962e+01,-1.5585074e+01,1.8304887e-01,-1.3516258e-01,-3.8881978e-01,8.9277290e-01
1.0869676e+00,3.9372647e+00,8.7328510e+00,8.5068977e-01,4.1083007e+00,8.8637840e+00,-1.3741910e-01,1.3635385e-01,-8.0960095e-02,2.3627777e-01,-1.7103578e-01,-1.3093291e-01,-7.4491053e+00,2.3958770e+01,-1.5327098e+01,1.7877123e-01,-1.2691921e-01,-3.9175513e-01,8.9356610e-01
8.6670100e-01,3.3830070e+00,8.6694040e+00,7.9682030e-01,4.0212116e+00,8.9086750e+00,-2.7696876e-02,9.0547480e-02,2.8762140e-02,6.9880760e-02,-6.3820440e-01,-2.3927054e-01,-7.4997430e+00,2.4017841e+01,-1.5044459e+01,1.7585127e-01,-1.2189902e-01,-3.8984266e-01,8.9567834e-01
1.0833763e+00,4.0509890e+00,8.9854390e+00,6.9491700e-01,3.9104795e+00,8.9662860e+00,-1.5020229e-01,1.1078750e-01,-1.3848437e-01,3.8845924e-01,1.4050971e-01,1.9153614e-02,-7.4548110e+00,2.4037970e+01,-1.4895202e+01,1.7177786e-01,-1.1549300e-01,-3.9538407e-01,8.9488834e-01
4.9200845e-01,3.6308070e+00,8.4635030e+00,7.5806410e-01,4.0150760e+00,8.9148100e+00,1.3848437e-01,-1.0546118e-01,-3.1957934e-03,-2.6605567e-01,-3.8426940e-01,-4.5130703e-01,-7.2887144e+00,2.4076797e+01,-1.4883992e+01,1.7551607e-01,-1.2109663e-01,-3.9599395e-01,8.9315090e-01
8.2719666e-01,3.9492357e+00,8.6227180e+00,7.4190325e-01,4.0559273e+00,8.8976020e+00,3.7284255e-02,-2.1305290e-03,-8.0960095e-02,8.5293435e-02,-1.0669161e-01,-2.7488428e-01,-7.0257270e+00,2.3996468e+01,-1.5134068e+01,1.7742121e-01,-1.2192310e-01,-3.9923763e-01,8.9121590e-01
6.2368953e-01,3.8702270e+00,8.2839370e+00,7.0389530e-01,4.1005190e+00,8.8802430e+00,4.6871636e-02,5.1132694e-02,2.9827405e-02,-8.0205750e-02,-2.3029228e-01,-5.9630585e-01,-6.9763756e+00,2.3786057e+01,-1.5593039e+01,1.8069111e-01,-1.2074873e-01,-3.9720020e-01,8.9162910e-01
8.7029230e-01,4.2473140e+00,8.7675670e+00,7.0554130e-01,4.1291003e+00,8.8667760e+00,1.1717909e-02,2.0240024e-02,-7.4568510e-03,1.6475101e-01,1.1821371e-01,-9.9209730e-02,-7.1130576e+00,2.3688790e+01,-1.5986690e+01,1.8209793e-01,-1.2146274e-01,-3.9697498e-01,8.9134610e-01
5.3989250e-01,4.3777976e+00,8.1235270e+00,7.1511810e-01,4.2290580e+00,8.8188925e+00,5.4328486e-02,-1.9174760e-02,2.5566347e-02,-1.7522563e-01,1.4873978e-01,-6.9536597e-01,-7.1185265e+00,2.3679660e+01,-1.6241524e+01,1.8701266e-01,-1.2404262e-01,-3.9570250e-01,8.9053870e-01
7.0748660e-01,4.0761285e+00,8.3677350e+00,5.7251346e-01,4.1763854e+00,8.8543570e+00,-7.5633770e-02,1.8322548e-01,-6.3915867e-03,1.3497312e-01,-1.0025720e-01,-4.8662150e-01,-6.9860140e+00,2.3758968e+01,-1.6320229e+01,1.8755734e-01,-1.1564793e-01,-3.9443523e-01,8.9211470e-01
7.8410107e-01,4.6878470e+00,8.7136970e+00,6.7546415e-01,4.2369890e+00,8.8181440e+00,8.5221160e-03,-8.4155890e-02,3.5153728e-02,1.0863690e-01,4.5085812e-01,-1.0444705e-01,-6.8435280e+00,2.4057820e+01,-1.6210155e+01,1.8856800e-01,-1.2180217e-01,-3.9326265e-01,8.9160025e-01
6.6079970e-01,3.8893807e+00,8.4635030e+00,6.6199680e-01,4.2295070e+00,8.8227825e+00,1.3848438e-02,2.7696876e-02,1.5978966e-02,-1.1971008e-03,-3.4012628e-01,-3.5927990e-01,-6.6799455e+00,2.4253899e+01,-1.6091099e+01,1.8861848e-01,-1.2075144e-01,-3.9222267e-01,8.9219030e-01
8.9184016e-01,4.5573630e+00,8.5161750e+00,5.8672905e-01,4.1811740e+00,8.8510650e+00,-1.2357067e-01,1.1291803e-01,-4.2610580e-02,3.0511108e-01,3.7618893e-01,-3.3488896e-01,-6.4495920e+00,2.4213614e+01,-1.6124939e+01,1.8766695e-01,-1.1617130e-01,-3.9312276e-01,8.9260286e-01
7.6015900e-01,4.0533834e+00,8.6215200e+00,5.8104280e-01,4.1255090e+00,8.8775500e+00,-6.4981130e-02,5.6459013e-02,4.3675840e-02,1.7911622e-01,-7.2125320e-02,-2.5602993e-01,-6.2626443e+00,2.4261420e+01,-1.6210253e+01,1.8533976e-01,-1.1409478e-01,-3.9071873e-01,8.9441070e-01
1.0378864e+00,4.8686090e+00,9.0357170e+00,6.8399350e-01,4.1898530e+00,8.8399920e+00,-3.1957934e-03,-8.6286420e-02,-4.2610580e-02,3.5389295e-01,6.7875620e-01,1.9572599e-01,-6.1185880e+00,2.4445760e+01,-1.6273573e+01,1.8612525e-01,-1.2098886e-01,-3.9274350e-01,8.9245260e-01
9.4211835e-01,4.4304705e+00,8.7400330e+00,6.7142390e-01,4.2468650e+00,8.8138050e+00,3.9414782e-02,6.2850600e-02,1.4913702e-02,2.7069443e-01,1.8360534e-01,-7.3771340e-02,-5.9344540e+00,2.4643970e+01,-1.6373238e+01,1.8948519e-01,-1.2131015e-01,-3.9076465e-01,8.9257056e-01
5.5425770e-01,4.3430820e+00,8.4682910e+00,7.5985974e-01,4.2761940e+00,8.7924060e+00,2.1305290e-03,-1.4168017e-01,-2.6631610e-02,-2.0560206e-01,6.6888010e-02,-3.2411507e-01,-5.8121710e+00,2.4883800e+01,-1.6396300e+01,1.8872659e-01,-1.2686047e-01,-3.9347348e-01,8.9076790e-01
2.0231004e-01,3.7541082e+00,7.7883380e+00,5.8568160e-01,4.2616790e+00,8.8126080e+00,-8.5221160e-03,1.9707392e-01,9.6939065e-02,-3.8337156e-01,-5.0757074e-01,-1.0242695e+00,-5.8633018e+00,2.5056170e+01,-1.6320234e+01,1.9239020e-01,-1.1687968e-01,-3.8779765e-01,8.9383340e-01
4.9440265e-01,3.7361517e+00,8.5652560e+00,4.2945993e-01,4.1346370e+00,8.8818890e+00,-1.1291803e-01,1.8002969e-01,-2.0240024e-02,6.4942720e-02,-3.9848495e-01,-3.1663316e-01,-6.0780050e+00,2.5067635e+01,-1.6303783e+01,1.8930455e-01,-1.0634095e-01,-3.8759390e-01,8.9589410e-01
-4.1898530e-02,3.7768530e+00,8.2887260e+00,3.6032736e-01,4.1810246e+00,8.8633350e+00,6.9242190e-02,3.4088463e-02,2.8762140e-02,-4.0222588e-01,-4.0417117e-01,-5.7460840e-01,-6.2995305e+00,2.4930431e+01,-1.6379856e+01,1.9319221e-01,-1.0378401e-01,-3.8621040e-01,8.9596164e-01
1.8674773e-01,3.6272156e+00,8.5293440e+00,2.0111294e-01,4.1277533e+00,8.8932620e+00,-2.1305290e-02,1.3528858e-01,-9.2678000e-02,-1.4365210e-02,-5.0053780e-01,-3.6391866e-01,-6.3319983e+00,2.4645458e+01,-1.6440520e+01,1.9347663e-01,-9.5574010e-02,-3.8931894e-01,8.9546820e-01
1.9632454e-01,4.5453920e+00,8.5520890e+00,3.1932664e-01,4.3112090e+00,8.8022820e+00,1.6085494e-01,-1.7896442e-01,-5.7524280e-02,-1.2300211e-01,2.3418285e-01,-2.5019407e-01,-6.1035880e+00,2.4489430e+01,-1.6513805e+01,1.9975981e-01,-1.0630598e-01,-3.9283250e-01,8.9133483e-01
2.0949265e-01,4.3909660e+00,8.4802630e+00,2.9104513e-01,4.3813890e+00,8.7684640e+00,5.9654810e-02,5.3263223e-03,-3.0892668e-02,-8.1552500e-02,9.5768070e-03,-2.8820202e-01,-5.7347200e+00,2.4622995e+01,-1.6672290e+01,2.0373575e-01,-1.0685478e-01,-3.9387146e-01,8.8990970e-01
2.3223756e-01,4.0473980e+00,8.4144220e+00,3.1857845e-01,4.4352590e+00,8.7404820e+00,9.1612740e-02,-3.1957934e-03,7.7764300e-02,-8.6340900e-02,-3.8786070e-01,-3.2606035e-01,-5.3709450e+00,2.4877916e+01,-1.6768164e+01,2.0630786e-01,-1.0860911e-01,-3.9016512e-01,8.9073694e-01
3.9504328e-01,4.1922474e+00,8.6658130e+00,3.1543607e-01,4.3875240e+00,8.7647240e+00,-3.5153728e-02,3.4088463e-02,3.4088463e-02,7.9607200e-02,-1.9527708e-01,-9.8910460e-02,-5.1113076e+00,2.5080942e+01,-1.6800306e+01,2.0418379e-01,-1.0692284e-01,-3.8842782e-01,8.9218860e-01
3.7588966e-01,4.5825020e+00,8.4682910e+00,3.6032736e-01,4.4270287e+00,8.7430260e+00,1.0652645e-02,-2.4501082e-02,4.6871636e-02,1.5562311e-02,1.5547347e-01,-2.7473465e-01,-5.0270357e+00,2.5129917e+01,-1.6899574e+01,2.0549180e-01,-1.0955173e-01,-3.8635660e-01,8.9246860e-01
4.6806642e-01,4.1934443e+00,8.5449060e+00,2.7159226e-01,4.3975500e+00,8.7609825e+00,-2.1305290e-02,1.3422331e-01,2.1305290e-03,1.9647418e-01,-2.0410569e-01,-2.1607670e-01,-4.9838140e+00,2.5184700e+01,-1.6981558e+01,2.0603567e-01,-1.0419883e-01,-3.8473138e-01,8.9368560e-01
